,Bound (DDM),Drift (DDM),SP (DDM),SP var (DDM),k,z,a/B,x0,sz
0,0.2,0.0,0.1,0.0,4.797434404292728,-0.6710532533832173,0.1958544707311627,0.04993484317115615,0.03286960329269556
1,0.2,0.5,0.1,0.0,9.979805053475154,-0.7293755057464983,0.7679948596070703,0.029896485701263575,0.9152135479486813
2,0.2,0.7,0.1,0.0,9.90216565644242,-0.8064383148232075,0.9309999908438025,0.045051918634942734,0.9226130717143887
3,0.2,1.0,0.1,0.0,6.888910689082326,-0.9120920095733325,1.3005951849077715,0.010497389893036502,0.876090801335423
4,0.2,0.0,0.1,0.05,0.6645883361608753,-0.7416840577186472,0.1929712755973365,0.05682216915925076,0.04463987308732642
5,0.2,0.5,0.1,0.05,9.821897488513805,-0.748326590226776,0.8419860891856403,0.0072859058345746686,0.8926294741932632
6,0.2,0.7,0.1,0.05,9.377949441433687,-0.8421768773853385,0.8929999909471451,0.03246464442006114,0.9015081940587536
7,0.2,1.0,0.1,0.05,7.883811469242167,-0.9465292305592723,1.2311322000145672,-0.007117396341705495,0.8953304455393674
8,0.2,0.0,0.1,0.1,2.1989712094392364,-0.8141651478497478,0.1906826174763423,0.09269031285347484,0.017804819691160878
9,0.2,0.5,0.1,0.1,9.923475198918293,-0.6857826553975637,0.8469836497071108,0.006028698180783998,0.8789338896485251
10,0.2,0.7,0.1,0.1,9.637974112097858,-0.8454838160453255,0.9534996103011297,0.004228241402085997,0.88891203693883
11,0.2,1.0,0.1,0.1,8.027216321852755,-0.977044223322099,1.1275660579541174,-0.0008372864858887663,0.8780990765657722
12,0.2,0.0,0.1,0.2,2.879790146568375,-0.8223849524216325,0.19300014053422632,0.07782081914270877,0.04534885912582176
13,0.2,0.5,0.1,0.2,9.969113525087465,-0.7328524865353647,0.8518881403843772,0.006408202328427093,0.9061207860335794
14,0.2,0.7,0.1,0.2,9.953425858972366,-0.8678330719406395,0.8893113148255571,0.0104861985594773,0.8998231320577056
15,0.2,1.0,0.1,0.2,6.967649546256006,-0.9703756585274563,1.2571983593493297,0.008324887686924631,0.9279683155546099
16,0.2,0.0,0.2,0.0,0.5176924325598913,-0.7919346433205144,0.18900079058725974,0.1981410015931684,0.16057354388504297
17,0.2,0.5,0.2,0.0,9.811996231549543,-0.7432374079467301,0.874620646987843,0.051996080968238045,0.9347219852297579
18,0.2,0.7,0.2,0.0,9.801169564249326,-0.8230530992324682,0.9707552490974252,0.046493375593457564,0.9582303658381205
19,0.2,1.0,0.2,0.0,6.903740378729587,-0.9522151649969853,1.33690769200185,0.011300973534780656,0.935796893894825
20,0.2,0.0,0.2,0.05,4.8914051718337355,-0.7143179184562813,0.19600004674899676,0.16591537438502746,0.05792062682729848
21,0.2,0.5,0.2,0.05,9.93559215523008,-0.744252822106608,0.8197984427205502,0.04311882075533746,0.9288345749929056
22,0.2,0.7,0.2,0.05,9.25789245656027,-0.7989772120564705,0.9933939685302651,0.04862685045229065,0.942017269073664
23,0.2,1.0,0.2,0.05,7.893772035752926,-0.9192590609298623,1.3258257579176287,-0.018349549957845435,0.9028373680478936
24,0.2,0.0,0.2,0.1,3.310348869529962,-0.8105202539047313,0.20200056090373544,0.1815801778360513,0.26528700855789084
25,0.2,0.5,0.2,0.1,9.937657240196135,-0.7467506070521838,0.8659499135733428,0.037438086630468215,0.9426234615212614
26,0.2,0.7,0.2,0.1,8.68984137797493,-0.9054891932304219,1.0539596558015067,0.014780736620211954,0.9248380344867183
27,0.2,1.0,0.2,0.1,8.754454931831175,-0.9243554098346559,1.2185007568321826,0.03578505439184343,0.9312052284907065
28,0.2,0.0,0.2,0.2,4.059470120889161,-0.5931776436166101,0.20364210838713426,0.18254551600253865,0.22658013333312882
29,0.2,0.5,0.2,0.2,9.769732160565798,-0.7275925579796161,0.8978659406871692,0.035264254428549524,0.9413624307540471
30,0.2,0.7,0.2,0.2,9.966735027379997,-0.984236702605441,0.3849452287164761,0.6793551198830481,0.09528466054417556
31,0.2,1.0,0.2,0.2,8.16674065093794,-0.6704901105179233,0.690072783440864,0.7707615982355376,0.033841096422813244
32,0.2,0.0,0.5,0.0,6.353792091906829,-0.7680761858045703,0.1869999229770351,0.5011168637953478,0.0245541603277748
33,0.2,0.5,0.5,0.0,9.960388997746861,-0.9996342164773837,0.2977612047156497,0.7273078282303005,0.041690775793151724
34,0.2,0.7,0.5,0.0,9.905428650174805,-0.9798012064405696,0.37863372490047675,0.8054666821855789,0.012044384381312279
35,0.2,1.0,0.5,0.0,5.328952283341439,-0.9432378911150323,2.2907565728502353,0.031244620823722036,0.9945743556596999
36,0.2,0.0,0.5,0.05,4.45112822109153,-0.7461064134514097,0.19300009824120273,0.5104638706614815,0.19981496618733563
37,0.2,0.5,0.5,0.05,9.833878599505049,-0.9936041818448014,0.3129845899307737,0.7629468135692261,0.026383696227827047
38,0.2,0.7,0.5,0.05,9.874450275084452,-0.993604139297801,0.4667224467669828,0.8426601456437912,0.16768159893224321
39,0.2,1.0,0.5,0.05,9.998365250101086,-0.9235357258367107,0.5039290912941428,0.8551809602075346,0.08111479869011184
40,0.2,0.0,0.5,0.1,0.5816575930683321,-0.9634109562099784,0.1969800475811443,0.4901983279186859,0.07529267208024204
41,0.2,0.5,0.5,0.1,9.96382317885907,-0.9968438190603919,0.3359746885060675,0.7523880893963484,0.019203831448977526
42,0.2,0.7,0.5,0.1,9.8751176195398,-0.9566199564110546,0.46462485758652283,0.8290017301900205,0.014715279352239263
43,0.2,1.0,0.5,0.1,7.107885125338746,-0.6266535023443298,0.7949996679039122,0.8914209090619265,0.041962283939391054
44,0.2,0.0,0.5,0.2,0.33438605276481415,-0.6405422129666032,0.19156023479429818,0.49451709831510415,0.005389362728034919
45,0.2,0.5,0.5,0.2,9.998860368922658,-0.9940494032581685,0.2789999979068307,0.7273309359916655,0.1104183575592213
46,0.2,0.7,0.5,0.2,9.949929718692388,-0.9636377420037637,0.3929999908826855,0.8067673444965722,0.10641422210052248
47,0.2,1.0,0.5,0.2,9.433126554679493,-0.9477431244053545,1.709628054000257,0.02677824171442622,0.9995920401400678
48,0.2,0.0,0.8,0.0,0.7124505534809155,-0.8596575859427751,0.1900001621349062,0.7884368832441642,0.7639075475228712
49,0.2,0.5,0.8,0.0,9.997010464684818,-0.9291790730988053,0.2472959806368955,0.8756392736304928,0.5477167060858228
50,0.2,0.7,0.8,0.0,5.541238885548189,-0.6356260878545228,0.684999967503977,0.9568972634839452,0.15880845276809424
51,0.2,1.0,0.8,0.0,9.2185439063433,-0.7360791216182209,0.6639999958617094,0.9595900435258531,0.544857286297916
52,0.2,0.0,0.8,0.05,2.9779508137606028,-0.6621493101779174,0.19573213143204304,0.7794936876342684,0.822586647399713
53,0.2,0.5,0.8,0.05,9.850859653451945,-0.7453101974245058,0.28996076595775033,0.9013478006958975,0.3675929244427936
54,0.2,0.7,0.8,0.05,9.354812332671832,-0.984796330375032,0.4046462434572291,0.9278314459292016,0.23087495282885917
55,0.2,1.0,0.8,0.05,8.468661724765186,-0.8685701824664009,0.44345046877705574,0.9525264987763105,0.05332216810746393
56,0.2,0.0,0.8,0.1,2.0875802458228008,-0.8093718181787688,0.20088857812048388,0.8238737294373784,0.7117040002675027
57,0.2,0.5,0.8,0.1,8.777933175295182,-0.7813958949918554,0.2929648641829812,0.904144955088694,0.17287363101747233
58,0.2,0.7,0.8,0.1,3.0691917516089053,-0.7536373912109662,0.892999996571932,0.9705276151522706,0.1561997746442027
59,0.2,1.0,0.8,0.1,7.188636054049434,-0.5536939255985377,0.981727354203461,0.973442204891463,0.090211056586468
60,0.2,0.0,0.8,0.2,0.8009773809059624,-0.7093490283347239,0.1838469929702029,0.7985069877301489,0.6561098708113953
61,0.2,0.5,0.8,0.2,9.911428898553709,-0.8471391425384591,0.24149372321732399,0.8859608702945838,0.08320929481176204
62,0.2,0.7,0.8,0.2,9.33542333059193,-0.9599433914484768,0.3936029193160113,0.9368005360079477,0.14348760419176276
63,0.2,1.0,0.8,0.2,7.754144506753627,-0.7792613891428329,0.728999984743705,0.9698798723549416,0.2496796126618991
64,0.5,0.0,0.1,0.0,2.160653501902241,-0.5015693164386594,1.2645927445268763,-0.36876824746254977,0.5752374276799198
65,0.5,0.5,0.1,0.0,0.9553040380815467,-0.9146501543505937,1.3109295072921772,0.1121898305459399,0.7125168303262669
66,0.5,0.7,0.1,0.0,0.24032793124735394,-0.9876731830054744,3.5599999883780535,0.003974382563276091,0.8173495064533447
67,0.5,1.0,0.1,0.0,0.9562560798020185,-0.8833352099841371,1.3649999020756112,0.6068849072765199,0.23031037719265912
68,0.5,0.0,0.1,0.05,1.2472685994741637,-0.501879404096111,1.5526244182522808,-0.2974781729924041,0.760708573279357
69,0.5,0.5,0.1,0.05,1.2357964793610798,-0.9815945786358039,1.1599961620006496,0.07206893040547957,0.6900935746406944
70,0.5,0.7,0.1,0.05,3.380575232180904,-0.5966884924127996,0.727999890724185,0.3305564856069545,0.23138156031960455
71,0.5,1.0,0.1,0.05,7.256402095182984,-0.6415236845608917,0.6150206626830627,0.2091258306627981,0.011585815402078536
72,0.5,0.0,0.1,0.1,6.348063406598152,-0.5,0.3889507386261518,-0.0962750395942309,0.05308131297142138
73,0.5,0.5,0.1,0.1,1.7692439912490237,-0.9407071568607569,0.937883054731639,0.10580161873496152,0.6365959648440285
74,0.5,0.7,0.1,0.1,3.066730504844713,-0.7204846441747014,0.722999988049242,0.3030722055366861,0.22927672381558767
75,0.5,1.0,0.1,0.1,2.964172210666427,-1.0,0.868000014445156,0.28889273438485485,0.3861190424999949
76,0.5,0.0,0.1,0.2,0.7281414006082645,-0.5010084141981918,1.9360000006840474,-0.20695705043039758,0.8726702262178049
77,0.5,0.5,0.1,0.2,1.817471006785434,-0.9705792606312118,0.8199998975870096,0.22731924639836487,0.5400828625884407
78,0.5,0.7,0.1,0.2,3.3182353030279357,-0.9309023977885489,0.6510023205114972,0.27106836043634264,0.3156295611095333
79,0.5,1.0,0.1,0.2,8.77997613978956,-0.982754072078278,0.5086082148658995,0.16030158078788848,0.11119114516743578
80,0.5,0.0,0.2,0.0,0.5929657205486416,-0.5014959311809244,2.2703607081743726,-0.09401317182115354,0.830156990141398
81,0.5,0.5,0.2,0.0,2.335998265323106,-0.7710463957762206,0.754000026425045,0.3380794493915176,0.36208145690024096
82,0.5,0.7,0.2,0.0,2.624686862644265,-0.8610524569185741,0.7230000090440126,0.4323226072006394,0.011207259948800286
83,0.5,1.0,0.2,0.0,2.6909042947738855,-0.8933272101916575,0.8810800340639124,0.5048150388520631,0.040401063868258424
84,0.5,0.0,0.2,0.05,9.83558065728807,-0.5086135555114799,0.3852940768776567,-0.04314823837874926,0.008950041932749286
85,0.5,0.5,0.2,0.05,1.8629579567478187,-0.9771183982944173,0.7489999462194474,0.39523030040046847,0.2588934012897891
86,0.5,0.7,0.2,0.05,0.3102911881515986,-0.9917960441765394,3.2492573469894066,0.013316523819172588,0.867628287943431
87,0.5,1.0,0.2,0.05,1.8481762416269896,-0.8357771269007862,1.637486053521085,-0.06054865291147371,0.6740260623195047
88,0.5,0.0,0.2,0.1,7.425686544864877,-0.5,0.4053101701486363,-0.017106033362572326,0.010423843419856693
89,0.5,0.5,0.2,0.1,2.4934080795705578,-0.6186454670288162,0.7342091308492187,0.38830798997702676,0.2484821138476534
90,0.5,0.7,0.2,0.1,7.181424907892292,-0.6759157528987079,0.5130001511871785,0.23733993269687081,0.017195265999154996
91,0.5,1.0,0.2,0.1,0.3530983583904099,-0.9070422448358113,3.863139657385653,-0.02185922765761672,0.7997405889408392
92,0.5,0.0,0.2,0.2,0.623765869958457,-0.5007677874576384,1.9451975863410205,-0.08122660290853634,0.8832190993791205
93,0.5,0.5,0.2,0.2,1.5720363098778602,-0.8836958291751607,0.8699997568858893,0.40710241626421073,0.5046103831472921
94,0.5,0.7,0.2,0.2,0.3075753887168142,-0.9667787306518085,3.2888681621877653,0.04003760357910968,0.8852832676194675
95,0.5,1.0,0.2,0.2,0.7335228144841865,-0.6429297794706601,1.7001674113938718,0.7318151487218159,0.16085475373914215
96,0.5,0.0,0.5,0.0,9.333010107442105,-0.514685595104575,0.3823687276278638,0.25763775398347444,0.27446011417310734
97,0.5,0.5,0.5,0.0,2.102444046057013,-0.9972105037574218,0.7050003231530876,0.6569617032634814,0.15017230030717948
98,0.5,0.7,0.5,0.0,6.0441919265454915,-0.9914312572273473,0.5285889787763219,0.5355459219676917,0.023689685708911667
99,0.5,1.0,0.5,0.0,2.5627313277502672,-0.9651206140737988,1.8019999531506505,-0.02268463081057781,0.8569338511025362
100,0.5,0.0,0.5,0.05,9.331118986443004,-0.5,0.38887648190883234,0.3155578568895727,0.07111821610367947
101,0.5,0.5,0.5,0.05,3.160217229395403,-0.6440498560402089,0.6639999878525762,0.6378346293349622,0.004292766827681593
102,0.5,0.7,0.5,0.05,8.327351934746094,-0.8323775999552434,0.47099996689823326,0.5059720982200748,0.024886735208944355
103,0.5,1.0,0.5,0.05,8.634087461103693,-0.681024784171131,0.6066000616542983,0.5880830684650136,0.1479437108739844
104,0.5,0.0,0.5,0.1,7.904355068043786,-0.6550691986616617,0.3756444755223063,0.28636052278902646,0.061667831133186024
105,0.5,0.5,0.5,0.1,2.216920601483054,-0.7602558190618165,0.752999964288664,0.6710901151617772,0.024154805895919673
106,0.5,0.7,0.5,0.1,3.097916237347749,-0.5764246223617242,0.7569999461391406,0.688738138091262,0.03225654224579727
107,0.5,1.0,0.5,0.1,2.6962512002315955,-0.93870668852456,1.770999906443046,-0.03273091266192507,0.8504577888426639
108,0.5,0.0,0.5,0.2,9.187312565283658,-0.5043182048109268,0.36699998046526455,0.31815763132688657,0.07789419655601193
109,0.5,0.5,0.5,0.2,1.8236743778312205,-0.7370319909508072,0.8180000224089585,0.713350467394477,0.014540838295310499
110,0.5,0.7,0.5,0.2,8.282348930062177,-0.7938939755841327,0.4716745213949558,0.511509311469381,0.011204222366675398
111,0.5,1.0,0.5,0.2,1.7395192257085492,-0.8900516579410052,1.1169979979176161,0.8100878499134554,0.03668214062602265
112,0.5,0.0,0.8,0.0,7.411677455583769,-0.9856555632088985,0.3190000402818778,0.7348263350780799,0.03026733145708238
113,0.5,0.5,0.8,0.0,5.717499526783116,-0.9421819899276779,0.4789999978160567,0.8217118214883099,0.011926086196568875
114,0.5,0.7,0.8,0.0,6.1730915154427075,-0.5961795026587993,0.6849999106261551,0.8796331334334249,0.1843165662304661
115,0.5,1.0,0.8,0.0,4.89618537654592,-0.5438120333332355,0.974040853036106,0.9167181883247331,0.04216404647387961
116,0.5,0.0,0.8,0.05,9.962306095880823,-0.801779317143443,0.3260000843059882,0.7018344390710225,0.023989691386132772
117,0.5,0.5,0.8,0.05,3.9434261080551005,-0.7053446058887729,0.6587498007051276,0.8724686964779602,0.0639674450374797
118,0.5,0.7,0.8,0.05,9.32049096819224,-0.7675408736233061,0.5076406409662195,0.8348950136626421,0.0020150079533960974
119,0.5,1.0,0.8,0.05,9.76821530923648,-0.6492938045066979,0.6133999175264069,0.8757263739614245,0.04910637575869292
120,0.5,0.0,0.8,0.1,7.07256864120962,-0.9632066463220317,0.34000001941371855,0.7172276490761931,0.4372303678781669
121,0.5,0.5,0.8,0.1,8.713589456155573,-0.6284494602855967,0.4494665877763673,0.8185731978753377,0.03349098797804728
122,0.5,0.7,0.8,0.1,5.955006720067973,-0.783536987844999,0.6099999810081526,0.871991478089045,0.0024864393086867498
123,0.5,1.0,0.8,0.1,6.684098487727921,-0.7190901575805501,0.7289999925112751,0.8964857344824777,0.07276820935188977
124,0.5,0.0,0.8,0.2,8.751612809824568,-0.5870332487451679,0.38600000861538103,0.7554262167734711,0.10980931104262764
125,0.5,0.5,0.8,0.2,8.113834124785122,-0.945802400586893,0.4294880205341154,0.814881894957677,0.013730357526192227
126,0.5,0.7,0.8,0.2,8.28125987120229,-0.5898436887703723,0.5269285836806348,0.8546619488713378,0.019850378352048226
127,0.5,1.0,0.8,0.2,6.896706299521734,-0.8994020559927247,2.1261641865060534,0.04713391529876998,0.9995198652262207
128,1.0,0.0,0.1,0.0,0.17476321537956352,-0.5000207977877077,4.997748197018847,-0.47481071576728295,0.0009879400384200654
129,1.0,0.5,0.1,0.0,0.1013897008609268,-0.7296129895519283,3.673992049843713,0.1320480321897488,0.46317027937253863
130,1.0,0.7,0.1,0.0,0.13301096821506242,-0.9522145742527467,3.2878778274354152,-0.03586194969812728,0.4623016006124791
131,1.0,1.0,0.1,0.0,0.2588055606324753,-0.9710961946781861,2.754934235880053,-0.16647090482046534,0.5324439291407103
132,1.0,0.0,0.1,0.05,0.8601599109595046,-0.5001486704246102,1.9241500257859694,-0.448708478536923,0.014128926717556611
133,1.0,0.5,0.1,0.05,0.10168776752366782,-0.9073055330045678,3.826825165630936,-0.13328461508028022,0.3968501230735858
134,1.0,0.7,0.1,0.05,0.23341532239813212,-0.9239716710715754,2.50765415798032,-0.11554002732652591,0.41678051872713223
135,1.0,1.0,0.1,0.05,0.28816314894031925,-0.9478965712375838,2.714999991901993,-0.20740829788555104,0.5643423438395728
136,1.0,0.0,0.1,0.1,0.19764101178246254,-0.5006989456426154,4.827999977088506,-0.4883587783279387,0.002314598788516753
137,1.0,0.5,0.1,0.1,0.1,-0.9056248580901021,3.5639999817303534,0.09844346464062381,0.4962640708088482
138,1.0,0.7,0.1,0.1,0.10605008450790265,-0.9975846337185621,3.6217602659092734,-0.01826953079428939,0.4727994970353474
139,1.0,1.0,0.1,0.1,1.7243147853505927,-0.8791542319679827,0.9729999921841902,-0.10908727275951935,0.05269848798907445
140,1.0,0.0,0.1,0.2,0.5650477391358892,-0.5007384693070902,2.903490827504555,-0.49042206313609704,0.038855262134131985
141,1.0,0.5,0.1,0.2,0.13543409783911642,-0.9812238891280068,3.0087737243299624,0.005132810412795896,0.424897880397329
142,1.0,0.7,0.1,0.2,0.10744817711643151,-0.895325139548495,3.7696335312903835,0.029959250736288245,0.5186636935476788
143,1.0,1.0,0.1,0.2,0.31245530913887887,-0.8960973779732773,2.3714361672380146,0.029877231443835806,0.5035445503430094
144,1.0,0.0,0.2,0.0,0.10069855261658223,-0.7488854008310348,3.584652269112458,0.08811996336223626,0.4482020085221859
145,1.0,0.5,0.2,0.0,0.10100231283079619,-0.9567120518947207,3.544662496288852,0.10264719975930414,0.582397020736081
146,1.0,0.7,0.2,0.0,0.10150761190089597,-0.9998319131535982,4.012470435736427,0.01562508185648137,0.5991155388046822
147,1.0,1.0,0.2,0.0,0.5866764805507687,-0.9498909035269917,1.9886612711895624,-0.19191388845086998,0.5473496040936394
148,1.0,0.0,0.2,0.05,1.501496827443267,-0.5,1.2110000024804002,-0.2601923747212872,0.10050149822054677
149,1.0,0.5,0.2,0.05,0.15622455427467052,-0.9212104254488305,2.9785960411195496,-0.03101027011190227,0.45819186466552136
150,1.0,0.7,0.2,0.05,0.10170642200561986,-0.8984045490443205,3.8502117274800463,0.14185808601809313,0.6514371447229741
151,1.0,1.0,0.2,0.05,0.3103398667258456,-0.9933487647634762,2.6999999877467333,-0.13432428898084237,0.603851570827017
152,1.0,0.0,0.2,0.1,1.982723470568499,-0.5,1.0090000000239476,-0.22711461446774905,0.00019096980338650926
153,1.0,0.5,0.2,0.1,0.1653062095215443,-0.8306065513744548,2.984660743835806,-0.008954963026844731,0.4096029278354919
154,1.0,0.7,0.2,0.1,0.1,-0.860363619277445,3.948999988171796,0.14775065642975305,0.6423985207021383
155,1.0,1.0,0.2,0.1,0.36374527812100244,-0.9472332104841505,2.5377488238420485,-0.17072260444315612,0.593533258499321
156,1.0,0.0,0.2,0.2,0.8888607178156489,-0.5015591621047386,1.7542966238322106,-0.3686406727938858,0.12238187163714548
157,1.0,0.5,0.2,0.2,0.10145738566898643,-0.8813148156189912,3.6051881437932582,0.1623426360764817,0.5998418680169798
158,1.0,0.7,0.2,0.2,0.10375011333236106,-0.9748989429076529,3.5655343464867437,0.19707124639563767,0.7227223269318578
159,1.0,1.0,0.2,0.2,0.24805910758723204,-0.9704685545315177,2.7676607473977763,0.03740083329156518,0.5765338511223516
160,1.0,0.0,0.5,0.0,0.1249033249993698,-0.8818050020246497,3.233999992899258,0.2548430520560643,0.860257682730686
161,1.0,0.5,0.5,0.0,0.8058757467947284,-0.8330252642520026,1.3979999571107784,0.15643878069203665,0.6738241221534792
162,1.0,0.7,0.5,0.0,0.3387967185644598,-0.9783858690149592,2.5950856140190433,0.042160544964916946,0.8135482985017376
163,1.0,1.0,0.5,0.0,1.1017122393842778,-0.9198286957540559,1.8369999697749237,-0.12021720559003235,0.6781171660374748
164,1.0,0.0,0.5,0.05,0.21639303818025546,-0.8407059131028733,2.5475244787519826,0.19407590208120684,0.7594773918554866
165,1.0,0.5,0.5,0.05,0.8562706780055924,-0.9427723605533103,1.335875105864029,0.10675809773671219,0.6500794716722195
166,1.0,0.7,0.5,0.05,0.5061057586192517,-0.9176995972386843,2.2218688138698206,0.02398428830707422,0.7387749061082833
167,1.0,1.0,0.5,0.05,1.424349097549719,-0.6241893894768072,1.1740000046563779,0.5230074974190739,0.0037616054376040098
168,1.0,0.0,0.5,0.1,0.1295863903245129,-0.843989320009197,3.383607846152114,0.20735378313838027,0.8432983794191545
169,1.0,0.5,0.5,0.1,1.8009909806798232,-0.8071247306742314,0.8249999880255108,0.27790526482695177,0.3078166256738261
170,1.0,0.7,0.5,0.1,2.54983075705163,-0.7853896826881362,0.7419999287289236,0.30079079277745935,0.02073710199493739
171,1.0,1.0,0.5,0.1,4.4857087135624045,-0.8383154116419445,0.6941352270731103,0.20738361080951062,0.02527169881694974
172,1.0,0.0,0.5,0.2,0.24556063779602222,-0.9284297476502941,2.476999864374234,0.13926822133064864,0.7329104973068605
173,1.0,0.5,0.5,0.2,0.48992031982224216,-0.9580623838380322,1.825674770093446,0.09853184171411145,0.751292397446976
174,1.0,0.7,0.5,0.2,2.0224323684278054,-0.7412211806568871,0.8859999543839506,0.28900104226957857,0.5143478398117128
175,1.0,1.0,0.5,0.2,3.3961475781744257,-0.9333127027019269,0.7320013451228526,0.3161026175486301,0.13554197010498048
176,1.0,0.0,0.8,0.0,1.2342181609028922,-0.8341440543320306,0.8075152680399544,0.732593675688809,0.3699814198050413
177,1.0,0.5,0.8,0.0,1.6498326596097657,-0.5522869381545515,0.9379999939879802,0.7913450059961058,0.015714031404356343
178,1.0,0.7,0.8,0.0,0.7206093615723388,-0.6773906948124785,1.5698861744970838,0.8877190045557191,0.08808084247641129
179,1.0,1.0,0.8,0.0,2.4194182167043334,-0.7187245634366878,1.1380000076736538,0.8264203407338473,0.01757793743590752
180,1.0,0.0,0.8,0.05,0.6112446729741418,-0.6082223212118067,1.2120000399938708,0.8054766075337474,0.5448294152478318
181,1.0,0.5,0.8,0.05,4.427129201394915,-0.9657769702288662,0.5378640483736397,0.6495477869497299,0.014682156958742643
182,1.0,0.7,0.8,0.05,5.833725614727531,-0.6010790633659427,0.5886894058269705,0.7002232628402181,0.04439406949846614
183,1.0,1.0,0.8,0.05,7.931693005100652,-0.7818153308506716,0.6245635738410791,0.6985962347008334,0.018574364530006438
184,1.0,0.0,0.8,0.1,1.3999276402290748,-0.9372224217420945,0.7660000088532644,0.6537699288102405,0.6125241190821387
185,1.0,0.5,0.8,0.1,5.0453591583011015,-0.5320384382206327,0.558582097373673,0.6781355022474145,0.03881551470134048
186,1.0,0.7,0.8,0.1,7.548759227414084,-0.8016007246215062,0.5074264647712857,0.6568290568905617,0.05400348988152898
187,1.0,1.0,0.8,0.1,0.7857079964996054,-0.7996964473746302,1.853000261535415,0.8945461589978363,0.03316297183344252
188,1.0,0.0,0.8,0.2,1.2304437812968856,-0.9819854518229423,0.781000007230726,0.7368618202671238,0.1390799992020551
189,1.0,0.5,0.8,0.2,3.6550166899240297,-0.8535891182203453,0.5949999901004713,0.6762664938455936,0.028047209599688983
190,1.0,0.7,0.8,0.2,5.352108469812768,-0.7914862848976498,0.5649997688830205,0.6713475402172888,0.00011907024775592578
191,1.0,1.0,0.8,0.2,8.00340593215378,-0.7875629279126124,0.6280000010435879,0.6963498608722833,0.0803697199232919
192,2.0,0.0,0.1,0.0,9.644004443590006,-0.7242619678543734,2.8328681095239743,-0.0998993659769547,0.5930996200533046
193,2.0,0.5,0.1,0.0,0.1001313400948094,-0.9657808215354498,4.486972307349166,-0.6896663662024418,0.0006827370426505941
194,2.0,0.7,0.1,0.0,0.10002704561834008,-0.9854751591302426,4.746864804292272,-0.7201623940659643,0.003533189563857342
195,2.0,1.0,0.1,0.0,0.10083657586334294,-0.97283383288598,4.990943410907808,-0.7332884776054798,0.010018473788217408
196,2.0,0.0,0.1,0.05,2.471487619134943,-0.8645330278388876,4.669442398545663,0.16817059742205065,0.4484582937525077
197,2.0,0.5,0.1,0.05,0.10052921583212626,-0.9834406130597623,4.691915773272591,-0.7084255579771231,0.008384882879218514
198,2.0,0.7,0.1,0.05,0.10042858814505351,-0.9979674480939105,4.822892781759736,-0.7356860711063631,0.005245342628875382
199,2.0,1.0,0.1,0.05,0.10019642097823134,-0.9964291076950273,4.962930900767592,-0.7358196646754708,0.015777680507266523
200,2.0,0.0,0.1,0.1,8.799416850929079,-0.8641581992815401,3.7206459604587994,-0.7964821787441784,0.3278719690661508
201,2.0,0.5,0.1,0.1,0.1006087475971924,-0.9942732649939499,4.773896707321675,-0.7283160020677735,0.008535096001743347
202,2.0,0.7,0.1,0.1,0.1001557739621175,-0.9956162836124984,4.733847187843011,-0.728575013263847,0.011530526719655765
203,2.0,1.0,0.1,0.1,0.11764083414424942,-0.9796410261944932,4.640343637987422,-0.7365203413539161,0.0070825107833261125
204,2.0,0.0,0.1,0.2,4.765340302174591,-0.6332924659440216,2.6729564081351156,-0.020379514032817903,0.5627903265397725
205,2.0,0.5,0.1,0.2,0.10014775888602578,-0.9734976272354608,4.929988644837673,-0.7243886800273598,0.007154708183243985
206,2.0,0.7,0.1,0.2,0.10103771949809381,-0.9708161275784588,4.964961194428556,-0.7264680129433826,0.002357230892626405
207,2.0,1.0,0.1,0.2,0.10171063223067733,-0.9376343481552274,4.795697581489932,-0.6593568893779418,0.15446151789082008
208,2.0,0.0,0.2,0.0,4.055171070112977,-0.9070914049846017,4.961330531556648,-0.8269342853305944,0.3041230414918842
209,2.0,0.5,0.2,0.0,0.10002100119868373,-0.9924745201015204,4.688889142737604,-0.7206167074174817,0.002156667817889313
210,2.0,0.7,0.2,0.0,0.10003657202067995,-0.9454349172230706,4.9258451609719955,-0.7059497192808443,0.010221017910012009
211,2.0,1.0,0.2,0.0,0.10009913413839788,-0.9879488249353164,4.662999979774162,-0.6443450526297192,0.21829278570366728
212,2.0,0.0,0.2,0.05,3.0332488660868306,-0.7879002147212975,1.2165524559887506,-0.5188361072642173,0.5656371080768198
213,2.0,0.5,0.2,0.05,0.10000732269904229,-0.9922322616718364,4.992999990312519,-0.7418982762304649,0.007873323703113999
214,2.0,0.7,0.2,0.05,0.10090866747161797,-0.9928491406802188,4.940982417414335,-0.7408517448024975,0.003328873340521954
215,2.0,1.0,0.2,0.05,0.10187780141420182,-0.996274246920964,4.729999990076256,-0.6772151182384973,0.20270338265335414
216,2.0,0.0,0.2,0.1,9.24570014061652,-0.9331267666182897,4.170376567144657,-0.7559458596718905,0.44396940684761055
217,2.0,0.5,0.2,0.1,0.10020435872812161,-0.992432615894965,4.0509955774937865,-0.4959467132052855,0.28344181876235414
218,2.0,0.7,0.2,0.1,0.10341251481694957,-0.9952134973779443,4.966992209771496,-0.746262962538931,0.025988374980701612
219,2.0,1.0,0.2,0.1,0.1801783480422472,-0.9463908172798546,3.459974780211564,-0.6297473899778181,0.11228567791658517
220,2.0,0.0,0.2,0.2,0.10013814800568888,-0.9935921624895413,4.33697520420151,-0.6940022219976307,0.009957323165278142
221,2.0,0.5,0.2,0.2,0.10013522742091843,-0.9800593297285166,4.975999967894506,-0.7401629348086272,0.01516396043524304
222,2.0,0.7,0.2,0.2,0.10019723583717965,-0.9411496505341161,4.48962684252778,-0.5892587499800339,0.22186674103660625
223,2.0,1.0,0.2,0.2,0.10015473546498728,-0.9906856606839465,4.2029999973662315,-0.4931394939018118,0.29530373068985133
224,2.0,0.0,0.5,0.0,0.10013385613126857,-0.9883082411115968,4.917772009254661,-0.7261571635111528,0.0031241954363095403
225,2.0,0.5,0.5,0.0,0.10038897467299357,-0.9284843808752505,3.8575761085930695,-0.19543395071242364,0.38181003174823763
226,2.0,0.7,0.5,0.0,0.2049483171406994,-0.9023638476187028,2.57672854209622,-0.052114699736028114,0.4061938468808408
227,2.0,1.0,0.5,0.0,0.15338100107259134,-0.9457014729988228,3.5195317992373023,-0.15527251834725186,0.49045098085501243
228,2.0,0.0,0.5,0.05,0.10019773964536416,-0.9846360699818764,4.967981830858376,-0.7012043555763384,0.0032765076053851705
229,2.0,0.5,0.5,0.05,0.10236145186898539,-0.9789991732211714,3.613999988170464,-0.16640249358240922,0.37645410339093277
230,2.0,0.7,0.5,0.05,0.15339280390312293,-0.9935689730047069,2.9348293949553987,-0.04218473517367172,0.4233362596581657
231,2.0,1.0,0.5,0.05,0.1767911636194628,-0.9816764195954665,3.3599999805708998,-0.2373176399948861,0.5399630804104529
232,2.0,0.0,0.5,0.1,0.14712196448689682,-0.8963337799279126,4.173999992259205,-0.6671115993913437,0.05008493008514786
233,2.0,0.5,0.5,0.1,0.22587590326917084,-0.9197492740604977,2.41691031983506,-0.1917703699267168,0.2975255874086495
234,2.0,0.7,0.5,0.1,0.10195992879065052,-0.7722533822557207,3.8195679153098716,0.017854335086636475,0.3556045739464264
235,2.0,1.0,0.5,0.1,0.24013148132183737,-0.9907175449337149,2.5809642171563634,-0.07158772566447147,0.47922675335928244
236,2.0,0.0,0.5,0.2,0.10003408631968025,-0.980019848994665,4.309896294660964,-0.5418084628876143,0.2691438169152474
237,2.0,0.5,0.5,0.2,0.18515092179619153,-0.8927360032079298,2.5687788616384566,-0.01803573431926464,0.3451589287155354
238,2.0,0.7,0.5,0.2,0.1672889515874756,-0.9713072275440187,2.7676513395865734,-0.016210996482107998,0.3930679781786951
239,2.0,1.0,0.5,0.2,0.1767212394293356,-0.7848088403805633,3.3205173706930555,-0.0033280696020532297,0.49035236683543
240,2.0,0.0,0.8,0.0,0.21946304688993878,-0.9664529719277293,2.5059999907518313,0.20136792460624275,0.9096737335865603
241,2.0,0.5,0.8,0.0,2.0059719942755874,-0.6973759634267818,0.8379999789978569,0.34338715247662055,0.5368893271634719
242,2.0,0.7,0.8,0.0,2.855131460479327,-0.9073352020658437,0.7099999920573838,0.4207351984459702,0.0108047136674293
243,2.0,1.0,0.8,0.0,1.4385840932742346,-0.8437653029376442,1.8623491609926188,-0.07674839811164158,0.706749737521628
244,2.0,0.0,0.8,0.05,0.23232134678566574,-0.8583452467081467,2.551241650109773,0.20850541883012141,0.8837260250165883
245,2.0,0.5,0.8,0.05,0.5747640828074803,-0.8057559342480772,1.9539999758899433,0.14136863834616298,0.8668045863666685
246,2.0,0.7,0.8,0.05,1.1706148494436888,-0.8792808053132438,1.0360000241145084,0.5909846439898492,0.004958451256769303
247,2.0,1.0,0.8,0.05,1.51458827699744,-0.9672558834088743,1.7279845836060073,-0.05462073483204488,0.7754896165619091
248,2.0,0.0,0.8,0.1,0.1803771457953064,-0.9468450702832171,2.7969999926437588,0.21126894373599203,0.9032260352132755
249,2.0,0.5,0.8,0.1,1.92853662863695,-0.6299693569223722,0.8119999595558782,0.48588499627248183,0.2145771687647124
250,2.0,0.7,0.8,0.1,3.1232304567819558,-0.9151388915904972,0.6639941423657647,0.39683900220185286,0.03711162741734758
251,2.0,1.0,0.8,0.1,1.7149848467862658,-0.8336803409871502,1.6490000271125587,-0.023426918888455606,0.6638225008057154
252,2.0,0.0,0.8,0.2,0.10052940089550376,-0.8108071908289372,4.033999932449976,0.24123278270716453,0.9447792274217491
253,2.0,0.5,0.8,0.2,2.081122663716101,-0.6507979014769332,0.8129996793812723,0.3967819219167379,0.4918693152397617
254,2.0,0.7,0.8,0.2,3.2120905122724186,-0.8502286665911656,0.6649999061820449,0.3981473261116171,0.04813543912599044
255,2.0,1.0,0.8,0.2,7.827114097656384,-0.672168082255311,0.5899998891530454,0.28599163632496594,0.27569441362987
